radius_mm,sag_mm
0.0000,0.000000
0.5000,0.000638
1.0000,0.002553
1.5000,0.005744
2.0000,0.010212
2.5000,0.015956
3.0000,0.022977
3.5000,0.031274
4.0000,0.040847
4.5000,0.051697
5.0000,0.063824
5.5000,0.077227
6.0000,0.091906
6.5000,0.107862
7.0000,0.125094
7.5000,0.143603
8.0000,0.163388
8.5000,0.184449
9.0000,0.206787
9.5000,0.230401
10.0000,0.255291
10.5000,0.281457
11.0000,0.308900
11.5000,0.337619
12.0000,0.367614
12.5000,0.398886
13.0000,0.431434
13.5000,0.465257
14.0000,0.500357
14.5000,0.536733
15.0000,0.574385
15.5000,0.613313
16.0000,0.653518
16.5000,0.694998
17.0000,0.737754
17.5000,0.781786
18.0000,0.827093
18.5000,0.873677
19.0000,0.921537
19.5000,0.970672
20.0000,1.021083
20.5000,1.072770
21.0000,1.125732
21.5000,1.179970
22.0000,1.235484
22.5000,1.292273
23.0000,1.350338
23.5000,1.409678
24.0000,1.470293
24.5000,1.532184
25.0000,1.595351
25.5000,1.659792
26.0000,1.725509
26.5000,1.792501
27.0000,1.860768
27.5000,1.930311
28.0000,2.001128
28.5000,2.073221
29.0000,2.146588
29.5000,2.221230
30.0000,2.297148
30.5000,2.374340
31.0000,2.452807
31.5000,2.532548
32.0000,2.613565
32.5000,2.695855
33.0000,2.779421
33.5000,2.864261
34.0000,2.950376
34.5000,3.037765
35.0000,3.126428
35.5000,3.216366
36.0000,3.307578
36.5000,3.400064
37.0000,3.493824
37.5000,3.588859
